source_year,record_no,date_text,location_text,category_text,body_text,source_url,raw_html_file,relation_scope,matched_keywords,initial_inclusion_suggestion,suggestion_reason,pin_label_draft,review_status,reviewer_note
2026,14,5月29日(金曜日)午後4時15分頃,千歳市水明郷の道道支笏湖公園線（16号線）の中央バス孵化場入口バス停から支笏湖方面に約1.3キロメートル進んだ付近の道路上,目撃,5月29日(金曜日)午後4時15分頃、千歳市水明郷の道道支笏湖公園線（16号線）の中央バス孵化場入口バス停から支笏湖方面に約1.3キロメートル進んだ付近の道路上でクマの目撃情報がありました。十分ご注意ください。,https://www.city.chitose.lg.jp/c50/1002703/1002708/1006598.html,chitose-city_2026_2026-06-09.html,支笏湖周辺,"支笏湖, 水明郷, 道道支笏湖公園線",周辺参考候補,支笏湖周辺キーワード一致: 支笏湖,2026.05 目撃,未確認,
2026,12,5月22日(金曜日)午後20時38分頃,千歳市泉沢の道道支笏湖公園線（16号線）の烏柵舞橋から支笏湖方面に約700メートル進んだ付近の道路上,目撃,5月22日(金曜日)午後20時38分頃、千歳市泉沢の道道支笏湖公園線（16号線）の烏柵舞橋から支笏湖方面に約700メートル進んだ付近の道路上でクマの目撃情報がありました。十分ご注意ください。,https://www.city.chitose.lg.jp/c50/1002703/1002708/1006598.html,chitose-city_2026_2026-06-09.html,支笏湖周辺,"支笏湖, 道道支笏湖公園線",周辺参考候補,支笏湖周辺キーワード一致: 支笏湖,2026.05 目撃,未確認,
2026,11,5月14日(木曜日)午前9時15分頃,千歳市水明郷の道道支笏湖公園線（16号線）の水明郷パーキングから支笏湖方面に約1キロメートル進んだ付近のサイクリングロード上,目撃,5月14日(木曜日)午前9時15分頃、千歳市水明郷の道道支笏湖公園線（16号線）の水明郷パーキングから支笏湖方面に約1キロメートル進んだ付近のサイクリングロード上でクマの目撃情報がありました。十分ご注意ください。,https://www.city.chitose.lg.jp/c50/1002703/1002708/1006598.html,chitose-city_2026_2026-06-09.html,支笏湖周辺,"支笏湖, 水明郷, 道道支笏湖公園線",周辺参考候補,支笏湖周辺キーワード一致: 支笏湖,2026.05 目撃,未確認,
2026,10,5月13日(水曜日)午前4時55分頃,千歳市水明郷の道道支笏湖公園線（16号線）の王子製紙第一発電所付近のカーブ,目撃,5月13日(水曜日)午前4時55分頃、千歳市水明郷の道道支笏湖公園線（16号線）の王子製紙第一発電所付近のカーブでクマの目撃情報がありました。十分ご注意ください。,https://www.city.chitose.lg.jp/c50/1002703/1002708/1006598.html,chitose-city_2026_2026-06-09.html,支笏湖周辺,"支笏湖, 水明郷, 道道支笏湖公園線",周辺参考候補,支笏湖周辺キーワード一致: 支笏湖,2026.05 目撃,未確認,
2026,9,5月12日(火曜日)午後1時05分頃,千歳市水明郷の道道支笏湖公園線（16号線）の王子製紙第一発電所付近のカーブから東へ約500メートル進んだサイクリングロード付近,目撃,5月12日(火曜日)午後1時05分頃、千歳市水明郷の道道支笏湖公園線（16号線）の王子製紙第一発電所付近のカーブから東へ約500メートル進んだサイクリングロード付近でクマの目撃情報がありました。十分ご注意ください。,https://www.city.chitose.lg.jp/c50/1002703/1002708/1006598.html,chitose-city_2026_2026-06-09.html,支笏湖周辺,"支笏湖, 水明郷, 道道支笏湖公園線",周辺参考候補,支笏湖周辺キーワード一致: 支笏湖,2026.05 目撃,未確認,
2026,8,5月9日(土曜日)午後19時09分頃,千歳市支寒内の国道276号線、洞門橋付近,目撃,5月9日(土曜日)午後19時09分頃、千歳市支寒内の国道276号線、洞門橋付近でクマの目撃情報がありました。十分ご注意ください。,https://www.city.chitose.lg.jp/c50/1002703/1002708/1006598.html,chitose-city_2026_2026-06-09.html,支笏湖周辺,"支寒内, 国道276号線, 国道276号",周辺参考候補,支笏湖周辺キーワード一致: 支寒内,2026.05 目撃,未確認,
2026,7,5月8日(金曜日)午後1時10分頃,千歳市水明郷の道道支笏湖公園線（16号線）の中央バス第一発電所バス停から東へ2.5キロメートルの地点,目撃,5月8日(金曜日)午後1時10分頃、千歳市水明郷の道道支笏湖公園線（16号線）の中央バス第一発電所バス停から東へ2.5キロメートルの地点でクマの目撃情報がありました。十分ご注意ください。,https://www.city.chitose.lg.jp/c50/1002703/1002708/1006598.html,chitose-city_2026_2026-06-09.html,支笏湖周辺,"支笏湖, 水明郷, 道道支笏湖公園線",周辺参考候補,支笏湖周辺キーワード一致: 支笏湖,2026.05 目撃,未確認,
2026,6,4月23日(木曜日)午後0時37分頃,千歳市支寒内の樽前山から風不死岳に至る稜線と7合目駐車場から風不死岳へ至る登山道との分岐点から風不死岳方向に200メートル地点,足跡,4月23日(木曜日)午後0時37分頃、千歳市支寒内の樽前山から風不死岳に至る稜線と7合目駐車場から風不死岳へ至る登山道との分岐点から風不死岳方向に200メートル地点においてクマの足跡の目撃情報がありました。山開き前で、登山者が少ない時期ですので十分ご注意ください。,https://www.city.chitose.lg.jp/c50/1002703/1002708/1006598.html,chitose-city_2026_2026-06-09.html,支笏湖周辺,"支寒内, 風不死岳",周辺参考候補,"支笏湖周辺キーワード一致: 支寒内, 風不死岳",2026.04 足跡,未確認,
2026,5,4月21日(火曜日)午後3時37分頃,千歳市水明郷の道道支笏湖公園線（16号線）の中央バス第一発電所バス停から東へ2キロメートルの地点,目撃,4月21日(火曜日)午後3時37分頃、千歳市水明郷の道道支笏湖公園線（16号線）の中央バス第一発電所バス停から東へ2キロメートルの地点でクマの目撃情報がありました。十分ご注意ください。,https://www.city.chitose.lg.jp/c50/1002703/1002708/1006598.html,chitose-city_2026_2026-06-09.html,支笏湖周辺,"支笏湖, 水明郷, 道道支笏湖公園線",周辺参考候補,支笏湖周辺キーワード一致: 支笏湖,2026.04 目撃,未確認,
2026,4,4月20日(月曜日)午後5時25分頃,千歳市西森の道道支笏湖公園線（16号線）の中央バス第一発電所バス停から南へ20メートル地点の西側林内,目撃,4月20日(月曜日)午後5時25分頃、千歳市西森の道道支笏湖公園線（16号線）の中央バス第一発電所バス停から南へ20メートル地点の西側林内でクマの目撃情報がありました。十分ご注意ください。,https://www.city.chitose.lg.jp/c50/1002703/1002708/1006598.html,chitose-city_2026_2026-06-09.html,支笏湖周辺,"支笏湖, 西森, 道道支笏湖公園線",周辺参考候補,支笏湖周辺キーワード一致: 支笏湖,2026.04 目撃,未確認,
2026,1,4月1日(水曜日)午後1時10分頃,千歳市西森の道道支笏湖公園線（16号線）の国道453号分岐点信号から北へ1キロメートル地点,目撃,4月1日(水曜日)午後1時10分頃、千歳市西森の道道支笏湖公園線（16号線）の国道453号分岐点信号から北へ1キロメートル地点で北から南へ移動するクマの目撃情報がありました。十分ご注意ください。,https://www.city.chitose.lg.jp/c50/1002703/1002708/1006598.html,chitose-city_2026_2026-06-09.html,支笏湖周辺,"支笏湖, 西森, 道道支笏湖公園線, 国道453号",周辺参考候補,支笏湖周辺キーワード一致: 支笏湖,2026.04 目撃,未確認,
2025,60,10月24日(金曜日)午前3時40分頃,千歳市西森の道道支笏湖公園線（16号線）の国道453号分岐点信号付近,目撃,10月24日(金曜日)午前3時40分頃、千歳市西森の道道支笏湖公園線（16号線）の国道453号分岐点信号付近で南から北へ横断するクマの目撃情報がありました。十分ご注意ください。,https://www.city.chitose.lg.jp/c50/1002703/1002708/1004300.html,chitose-city_2025_2026-06-09.html,支笏湖周辺,"支笏湖, 西森, 道道支笏湖公園線, 国道453号",周辺参考候補,支笏湖周辺キーワード一致: 支笏湖,2025.10 目撃,未確認,
2025,56,10月16日(木曜日) 午後4時20分頃,千歳市水明郷の道道支笏湖公園線（16号線）の烏柵舞林道入口から支笏湖方面に約300メートル進んだ付近,目撃,10月16日(木曜日) 午後4時20分頃、千歳市水明郷の道道支笏湖公園線（16号線）の烏柵舞林道入口から支笏湖方面に約300メートル進んだ付近でクマの目撃情報がありました。十分ご注意ください。,https://www.city.chitose.lg.jp/c50/1002703/1002708/1004300.html,chitose-city_2025_2026-06-09.html,支笏湖周辺,"支笏湖, 水明郷, 道道支笏湖公園線",周辺参考候補,支笏湖周辺キーワード一致: 支笏湖,2025.10 目撃,未確認,
2025,55,10月16日(木曜日)午後2時10分頃,千歳市蘭越の道道支笏湖公園線（16号線）の蘭越共同墓地入口付近,目撃,10月16日(木曜日)午後2時10分頃、千歳市蘭越の道道支笏湖公園線（16号線）の蘭越共同墓地入口付近でクマの目撃情報がありました。十分ご注意ください。,https://www.city.chitose.lg.jp/c50/1002703/1002708/1004300.html,chitose-city_2025_2026-06-09.html,支笏湖周辺,"支笏湖, 道道支笏湖公園線",周辺参考候補,支笏湖周辺キーワード一致: 支笏湖,2025.10 目撃,未確認,
2025,54,10月16日(木曜日) 午前11時50分頃,千歳市水明郷の道道支笏湖公園線（16号線）の水明郷パーキングから支笏湖方面へ約300メートル進んだ付近,目撃,10月16日(木曜日) 午前11時50分頃、千歳市水明郷の道道支笏湖公園線（16号線）の水明郷パーキングから支笏湖方面へ約300メートル進んだ付近でクマの目撃情報がありました。十分ご注意ください。,https://www.city.chitose.lg.jp/c50/1002703/1002708/1004300.html,chitose-city_2025_2026-06-09.html,支笏湖周辺,"支笏湖, 水明郷, 道道支笏湖公園線",周辺参考候補,支笏湖周辺キーワード一致: 支笏湖,2025.10 目撃,未確認,
2025,52,9月27日(土曜日) 午後4時35分頃,千歳市水明郷の道道支笏湖公園線（16号線）の水明郷パーキングから支笏湖方面へ約2キロメートル進んだ付近,目撃,9月27日(土曜日) 午後4時35分頃、千歳市水明郷の道道支笏湖公園線（16号線）の水明郷パーキングから支笏湖方面へ約2キロメートル進んだ付近でクマの目撃情報がありました。十分ご注意ください。,https://www.city.chitose.lg.jp/c50/1002703/1002708/1004300.html,chitose-city_2025_2026-06-09.html,支笏湖周辺,"支笏湖, 水明郷, 道道支笏湖公園線",周辺参考候補,支笏湖周辺キーワード一致: 支笏湖,2025.09 目撃,未確認,
2025,51,9月24日(水曜日) 午後6時30分頃,千歳市美笛の国道276号から道道支笏湖線（78号線）へ約300メートル進んだ付近,目撃,9月24日(水曜日) 午後6時30分頃、千歳市美笛の国道276号から道道支笏湖線（78号線）へ約300メートル進んだ付近で東から西へ横断するクマの目撃情報がありました。十分ご注意ください。,https://www.city.chitose.lg.jp/c50/1002703/1002708/1004300.html,chitose-city_2025_2026-06-09.html,美笛近接,"美笛, 支笏湖, 道道支笏湖線, 国道276号",公開候補,美笛関連キーワード一致: 美笛,2025.09 目撃,未確認,
2025,50,9月20日(土曜日) 午後3時15分頃,千歳市幌美内の国道453号丸駒橋付近,目撃,9月20日(土曜日) 午後3時15分頃、千歳市幌美内の国道453号丸駒橋付近でクマの目撃情報がありました。十分ご注意ください。,https://www.city.chitose.lg.jp/c50/1002703/1002708/1004300.html,chitose-city_2025_2026-06-09.html,支笏湖周辺,"幌美内, 丸駒, 国道453号",周辺参考候補,"支笏湖周辺キーワード一致: 幌美内, 丸駒",2025.09 目撃,未確認,
2025,48,8月22日（金曜日）午後6時00分頃,千歳市西森の道道支笏湖公園線（16号線）の国道453号分岐点信号から千歳市街地方面へ約200メートル進んだ付近,目撃,8月22日（金曜日）午後6時00分頃、千歳市西森の道道支笏湖公園線（16号線）の国道453号分岐点信号から千歳市街地方面へ約200メートル進んだ付近でクマの目撃情報がありました。十分ご注意ください。,https://www.city.chitose.lg.jp/c50/1002703/1002708/1004300.html,chitose-city_2025_2026-06-09.html,支笏湖周辺,"支笏湖, 西森, 道道支笏湖公園線, 国道453号",周辺参考候補,支笏湖周辺キーワード一致: 支笏湖,2025.08 目撃,未確認,
2025,46,8月16日(土曜日)午前5時10分頃,千歳市西森の道道支笏湖公園線（16号線）の国道453号分岐点信号付近,目撃,8月16日(土曜日)午前5時10分頃、千歳市西森の道道支笏湖公園線（16号線）の国道453号分岐点信号付近で北から南へ横断するクマの目撃情報がありました。十分ご注意ください。,https://www.city.chitose.lg.jp/c50/1002703/1002708/1004300.html,chitose-city_2025_2026-06-09.html,支笏湖周辺,"支笏湖, 西森, 道道支笏湖公園線, 国道453号",周辺参考候補,支笏湖周辺キーワード一致: 支笏湖,2025.08 目撃,未確認,
2025,43,7月30日(水曜日) 午前6時50分頃,千歳市幌美内のポロピナイ展望台付近,目撃,7月30日(水曜日) 午前6時50分頃、千歳市幌美内のポロピナイ展望台付近でクマの目撃情報がありました。十分ご注意ください。,https://www.city.chitose.lg.jp/c50/1002703/1002708/1004300.html,chitose-city_2025_2026-06-09.html,支笏湖周辺,"幌美内, ポロピナイ",周辺参考候補,"支笏湖周辺キーワード一致: 幌美内, ポロピナイ",2025.07 目撃,未確認,
2025,37,7月24日(木曜日) 午後3時25分頃,千歳市幌美内のポロピナイ展望台から西へ約700メートル進んだ付近,目撃,7月24日(木曜日) 午後3時25分頃、千歳市幌美内のポロピナイ展望台から西へ約700メートル進んだ付近でクマの目撃情報がありました。十分ご注意ください。,https://www.city.chitose.lg.jp/c50/1002703/1002708/1004300.html,chitose-city_2025_2026-06-09.html,支笏湖周辺,"幌美内, ポロピナイ",周辺参考候補,"支笏湖周辺キーワード一致: 幌美内, ポロピナイ",2025.07 目撃,未確認,
2025,36,7月23日(水曜日) 午後4時40分頃,千歳市幌美内のポロピナイ展望台付近,目撃,7月23日(水曜日) 午後4時40分頃、千歳市幌美内のポロピナイ展望台付近でクマの目撃情報がありました。十分ご注意ください。,https://www.city.chitose.lg.jp/c50/1002703/1002708/1004300.html,chitose-city_2025_2026-06-09.html,支笏湖周辺,"幌美内, ポロピナイ",周辺参考候補,"支笏湖周辺キーワード一致: 幌美内, ポロピナイ",2025.07 目撃,未確認,
2025,31,7月2日(水曜日)午後3時57分頃,千歳市西森の道道支笏湖公園線（16号線）の国道453号分岐点信号から南へ約300メートル進んだ付近,目撃,7月2日(水曜日)午後3時57分頃、千歳市西森の道道支笏湖公園線（16号線）の国道453号分岐点信号から南へ約300メートル進んだ付近でクマの目撃情報がありました。十分ご注意ください。,https://www.city.chitose.lg.jp/c50/1002703/1002708/1004300.html,chitose-city_2025_2026-06-09.html,支笏湖周辺,"支笏湖, 西森, 道道支笏湖公園線, 国道453号",周辺参考候補,支笏湖周辺キーワード一致: 支笏湖,2025.07 目撃,未確認,
2025,30,7月2日(水曜日)午前9時05分頃,千歳市水明郷の道道支笏湖公園線（16号線）の第一発電所バス停から千歳市街地方向へ約400メートル進んだ付近,目撃,7月2日(水曜日)午前9時05分頃、千歳市水明郷の道道支笏湖公園線（16号線）の第一発電所バス停から千歳市街地方向へ約400メートル進んだ付近でクマの目撃情報がありました。十分ご注意ください。,https://www.city.chitose.lg.jp/c50/1002703/1002708/1004300.html,chitose-city_2025_2026-06-09.html,支笏湖周辺,"支笏湖, 水明郷, 道道支笏湖公園線",周辺参考候補,支笏湖周辺キーワード一致: 支笏湖,2025.07 目撃,未確認,
2025,28,6月27日(金曜日) 午後1時00分頃,千歳市幌美内の国道453号と道道丸駒線（730号線）の交差点から西へ約300メートル進んだ付近,目撃,6月27日(金曜日) 午後1時00分頃、千歳市幌美内の国道453号と道道丸駒線（730号線）の交差点から西へ約300メートル進んだ付近でクマの目撃情報がありました。十分ご注意ください。,https://www.city.chitose.lg.jp/c50/1002703/1002708/1004300.html,chitose-city_2025_2026-06-09.html,支笏湖周辺,"幌美内, 丸駒, 国道453号",周辺参考候補,"支笏湖周辺キーワード一致: 幌美内, 丸駒",2025.06 目撃,未確認,
2025,27,6月26日(木曜日) 午後7時00分頃,千歳市幌美内の国道453号と道道丸駒線（730号線）の交差点から東へ約800メートル進んだ付近,目撃,6月26日(木曜日) 午後7時00分頃、千歳市幌美内の国道453号と道道丸駒線（730号線）の交差点から東へ約800メートル進んだ付近でクマの目撃情報がありました。十分ご注意ください。,https://www.city.chitose.lg.jp/c50/1002703/1002708/1004300.html,chitose-city_2025_2026-06-09.html,支笏湖周辺,"幌美内, 丸駒, 国道453号",周辺参考候補,"支笏湖周辺キーワード一致: 幌美内, 丸駒",2025.06 目撃,未確認,
2025,18,5月28日(水曜日) 午前8時30分頃,千歳市水明郷の千歳第四ダム付近,目撃,5月28日(水曜日) 午前8時30分頃、千歳市水明郷の千歳第四ダム付近でクマの目撃情報がありました。十分ご注意ください。,https://www.city.chitose.lg.jp/c50/1002703/1002708/1004300.html,chitose-city_2025_2026-06-09.html,支笏湖導線,水明郷,周辺参考候補,支笏湖導線キーワード一致: 水明郷,2025.05 目撃,未確認,
2025,17,5月27日(火曜日) 午前0時20分頃,千歳市西森の道道支笏湖公園線（16号線）の国道453号分岐点信号から千歳市街地方面へ約500メートル進んだ付近,目撃,5月27日(火曜日) 午前0時20分頃、千歳市西森の道道支笏湖公園線（16号線）の国道453号分岐点信号から千歳市街地方面へ約500メートル進んだ付近でクマの目撃情報がありました。十分ご注意ください。,https://www.city.chitose.lg.jp/c50/1002703/1002708/1004300.html,chitose-city_2025_2026-06-09.html,支笏湖周辺,"支笏湖, 西森, 道道支笏湖公園線, 国道453号",周辺参考候補,支笏湖周辺キーワード一致: 支笏湖,2025.05 目撃,未確認,
2025,16,5月23日(金曜日) 午前11時15分頃,千歳市水明郷の道道支笏湖公園線（16号線）の孵化場入口バス停から千歳市街地方面に約600メートル進んだ付近の山林,目撃,5月23日(金曜日) 午前11時15分頃、千歳市水明郷の道道支笏湖公園線（16号線）の孵化場入口バス停から千歳市街地方面に約600メートル進んだ付近の山林でクマの目撃情報がありました。十分ご注意ください。,https://www.city.chitose.lg.jp/c50/1002703/1002708/1004300.html,chitose-city_2025_2026-06-09.html,支笏湖周辺,"支笏湖, 水明郷, 道道支笏湖公園線",周辺参考候補,支笏湖周辺キーワード一致: 支笏湖,2025.05 目撃,未確認,
2025,15,5月22日(木曜日) 午後10時48分頃,千歳市泉沢の道道支笏湖公園線（16号線）の烏柵舞橋から支笏湖方面に約500メートル進んだ付近の山林,目撃,5月22日(木曜日) 午後10時48分頃、千歳市泉沢の道道支笏湖公園線（16号線）の烏柵舞橋から支笏湖方面に約500メートル進んだ付近の山林でクマの目撃情報がありました。十分ご注意ください。,https://www.city.chitose.lg.jp/c50/1002703/1002708/1004300.html,chitose-city_2025_2026-06-09.html,支笏湖周辺,"支笏湖, 道道支笏湖公園線",周辺参考候補,支笏湖周辺キーワード一致: 支笏湖,2025.05 目撃,未確認,
2025,14,5月22日(木曜日) 午前7時50分頃,千歳市泉沢の道道支笏湖公園線（16号線）の烏柵舞林道入口から支笏湖方面に約200メートル進んだ付近,目撃,5月22日(木曜日) 午前7時50分頃、千歳市泉沢の道道支笏湖公園線（16号線）の烏柵舞林道入口から支笏湖方面に約200メートル進んだ付近でクマの目撃情報がありました。十分ご注意ください。,https://www.city.chitose.lg.jp/c50/1002703/1002708/1004300.html,chitose-city_2025_2026-06-09.html,支笏湖周辺,"支笏湖, 道道支笏湖公園線",周辺参考候補,支笏湖周辺キーワード一致: 支笏湖,2025.05 目撃,未確認,
2025,12,5月19日(月曜日) 午後0時40分頃,千歳市水明郷の道道支笏湖公園線（16号線）の孵化場入口バス停から支笏湖方面へ約200メートル進んだ付近の山林,目撃,5月19日(月曜日) 午後0時40分頃、千歳市水明郷の道道支笏湖公園線（16号線）の孵化場入口バス停から支笏湖方面へ約200メートル進んだ付近の山林でクマの目撃情報がありました。十分ご注意ください。,https://www.city.chitose.lg.jp/c50/1002703/1002708/1004300.html,chitose-city_2025_2026-06-09.html,支笏湖周辺,"支笏湖, 水明郷, 道道支笏湖公園線",周辺参考候補,支笏湖周辺キーワード一致: 支笏湖,2025.05 目撃,未確認,
2025,11,5月19日(月曜日) 午前7時55分頃,千歳市水明郷の千歳第四ダム付近,目撃,5月19日(月曜日) 午前7時55分頃、千歳市水明郷の千歳第四ダム付近でクマの目撃情報がありました。十分ご注意ください。,https://www.city.chitose.lg.jp/c50/1002703/1002708/1004300.html,chitose-city_2025_2026-06-09.html,支笏湖導線,水明郷,周辺参考候補,支笏湖導線キーワード一致: 水明郷,2025.05 目撃,未確認,
2025,7,5月3日(土曜日) 正午頃,千歳市支寒内の国道276号の姫鱒橋付近,目撃,5月3日(土曜日) 正午頃、千歳市支寒内の国道276号の姫鱒橋付近でクマの目撃情報がありました。十分ご注意ください。,https://www.city.chitose.lg.jp/c50/1002703/1002708/1004300.html,chitose-city_2025_2026-06-09.html,支笏湖周辺,"支寒内, 国道276号",周辺参考候補,支笏湖周辺キーワード一致: 支寒内,2025.05 目撃,未確認,
2025,6,5月5日(月曜日) 午後5時55分頃,千歳市泉沢の道道支笏湖公園線（16号線）の烏柵舞橋から支笏湖方面に約700メートル進んだ付近の山林,目撃,5月5日(月曜日) 午後5時55分頃、千歳市泉沢の道道支笏湖公園線（16号線）の烏柵舞橋から支笏湖方面に約700メートル進んだ付近の山林でクマの目撃情報がありました。十分ご注意ください。,https://www.city.chitose.lg.jp/c50/1002703/1002708/1004300.html,chitose-city_2025_2026-06-09.html,支笏湖周辺,"支笏湖, 道道支笏湖公園線",周辺参考候補,支笏湖周辺キーワード一致: 支笏湖,2025.05 目撃,未確認,
2025,5,5月1日(木曜日) 午前6時30分頃,千歳市奥潭の支笏湖畔、オコタンペ川河口付近,目撃,5月1日(木曜日) 午前6時30分頃、千歳市奥潭の支笏湖畔、オコタンペ川河口付近でクマの目撃情報がありました。十分ご注意ください。,https://www.city.chitose.lg.jp/c50/1002703/1002708/1004300.html,chitose-city_2025_2026-06-09.html,支笏湖周辺,"支笏湖, 奥潭",周辺参考候補,"支笏湖周辺キーワード一致: 支笏湖, 奥潭",2025.05 目撃,未確認,
2025,4,5月5日(火曜日) 午前7時22分頃,千歳市水明郷の道道支笏湖公園線（16号線）、烏柵舞林道入口付近,目撃,5月5日(火曜日) 午前7時22分頃、千歳市水明郷の道道支笏湖公園線（16号線）、烏柵舞林道入口付近でクマの目撃情報がありました。十分ご注意ください。,https://www.city.chitose.lg.jp/c50/1002703/1002708/1004300.html,chitose-city_2025_2026-06-09.html,支笏湖周辺,"支笏湖, 水明郷, 道道支笏湖公園線",周辺参考候補,支笏湖周辺キーワード一致: 支笏湖,2025.05 目撃,未確認,
2025,2,4月25日(金曜日) 午後3時25分頃,千歳市泉沢の道道支笏湖公園線（16号線）の烏柵舞橋から支笏湖方面に約600メートル進んだ付近の山林,目撃,4月25日(金曜日) 午後3時25分頃、千歳市泉沢の道道支笏湖公園線（16号線）の烏柵舞橋から支笏湖方面に約600メートル進んだ付近の山林でクマの目撃情報がありました。十分ご注意ください。,https://www.city.chitose.lg.jp/c50/1002703/1002708/1004300.html,chitose-city_2025_2026-06-09.html,支笏湖周辺,"支笏湖, 道道支笏湖公園線",周辺参考候補,支笏湖周辺キーワード一致: 支笏湖,2025.04 目撃,未確認,
2024,64,3月17日(月曜日) 午前9時25分頃,千歳市西森の道道支笏湖公園線（16号線）の国道453号分岐点信号から千歳市街地方面へ約100m進んだ付近,目撃,3月17日(月曜日) 午前9時25分頃、千歳市西森の道道支笏湖公園線（16号線）の国道453号分岐点信号から千歳市街地方面へ約100m進んだ付近で北から南へ横断するクマの目撃情報がありました。十分ご注意ください。,https://www.city.chitose.lg.jp/c50/1002703/1002708/1004033.html,chitose-city_2024_2026-06-09.html,支笏湖周辺,"支笏湖, 西森, 道道支笏湖公園線, 国道453号",周辺参考候補,支笏湖周辺キーワード一致: 支笏湖,2024.03 目撃,未確認,
2024,62,1月5日(日曜日) 午前11時05分頃,千歳市蘭越の道道支笏湖公園線（16号線）の烏柵舞橋東側の千歳川中州,目撃,1月5日(日曜日) 午前11時05分頃、千歳市蘭越の道道支笏湖公園線（16号線）の烏柵舞橋東側の千歳川中州でクマの目撃情報がありました。十分ご注意ください。,https://www.city.chitose.lg.jp/c50/1002703/1002708/1004033.html,chitose-city_2024_2026-06-09.html,支笏湖周辺,"支笏湖, 道道支笏湖公園線",周辺参考候補,支笏湖周辺キーワード一致: 支笏湖,2024.01 目撃,未確認,
2024,60,11月9日(土曜日)午後3時25分頃,千歳市支笏湖温泉の国道453号の翠明橋から北に約50m進んだ付近,目撃,11月9日(土曜日)午後3時25分頃、千歳市支笏湖温泉の国道453号の翠明橋から北に約50m進んだ付近でクマの目撃情報がありました。十分ご注意ください。,https://www.city.chitose.lg.jp/c50/1002703/1002708/1004033.html,chitose-city_2024_2026-06-09.html,支笏湖周辺,"支笏湖温泉, 支笏湖, 国道453号",周辺参考候補,"支笏湖周辺キーワード一致: 支笏湖温泉, 支笏湖",2024.11 目撃,未確認,
2024,57,10月31日(木曜日) 午前7時20分頃,千歳市水明郷の道道支笏湖公園線（16号線）の水明郷パーキング付近,目撃,10月31日(木曜日) 午前7時20分頃、千歳市水明郷の道道支笏湖公園線（16号線）の水明郷パーキング付近で北から南へ横断するクマの目撃情報がありました。十分ご注意ください。,https://www.city.chitose.lg.jp/c50/1002703/1002708/1004033.html,chitose-city_2024_2026-06-09.html,支笏湖周辺,"支笏湖, 水明郷, 道道支笏湖公園線",周辺参考候補,支笏湖周辺キーワード一致: 支笏湖,2024.10 目撃,未確認,
2024,56,10月31日(木曜日) 午前5時30分頃,千歳市美笛の国道276号の美笛トンネル東側の駐車帯付近,目撃,10月31日(木曜日) 午前5時30分頃、千歳市美笛の国道276号の美笛トンネル東側の駐車帯付近で南から北へ横断するクマの目撃情報がありました。十分ご注意ください。,https://www.city.chitose.lg.jp/c50/1002703/1002708/1004033.html,chitose-city_2024_2026-06-09.html,美笛近接,"美笛トンネル, 美笛, 国道276号",公開候補,"美笛関連キーワード一致: 美笛トンネル, 美笛",2024.10 目撃,未確認,
2024,50,10月26日(土曜日) 午前10時15分頃,千歳市泉沢の道道支笏湖公園線（16号線）の孵化場入口バス停から南へ約300m進んだ付近の山林,目撃,10月26日(土曜日) 午前10時15分頃、千歳市泉沢の道道支笏湖公園線（16号線）の孵化場入口バス停から南へ約300m進んだ付近の山林でクマの目撃情報がありました。十分ご注意ください。,https://www.city.chitose.lg.jp/c50/1002703/1002708/1004033.html,chitose-city_2024_2026-06-09.html,支笏湖周辺,"支笏湖, 道道支笏湖公園線",周辺参考候補,支笏湖周辺キーワード一致: 支笏湖,2024.10 目撃,未確認,
2024,47,9月19日(木曜日) 午後1時40分頃,千歳市水明郷の道道支笏湖公園線（16号線）の孵化場入口バス停付近,目撃,9月19日(木曜日) 午後1時40分頃、千歳市水明郷の道道支笏湖公園線（16号線）の孵化場入口バス停付近でクマの目撃情報がありました。十分ご注意ください。,https://www.city.chitose.lg.jp/c50/1002703/1002708/1004033.html,chitose-city_2024_2026-06-09.html,支笏湖周辺,"支笏湖, 水明郷, 道道支笏湖公園線",周辺参考候補,支笏湖周辺キーワード一致: 支笏湖,2024.09 目撃,未確認,
2024,46,9月18日(水曜日)午後3時10分頃,千歳市水明郷の道道支笏湖公園線（16号線）と国道453号の分岐点信号から支笏湖温泉方面へ約1.3km進んだ付近,目撃,9月18日(水曜日)午後3時10分頃、千歳市水明郷の道道支笏湖公園線（16号線）と国道453号の分岐点信号から支笏湖温泉方面へ約1.3km進んだ付近でクマの目撃情報がありました。十分ご注意ください。,https://www.city.chitose.lg.jp/c50/1002703/1002708/1004033.html,chitose-city_2024_2026-06-09.html,支笏湖周辺,"支笏湖温泉, 支笏湖, 水明郷, 道道支笏湖公園線, 国道453号",周辺参考候補,"支笏湖周辺キーワード一致: 支笏湖温泉, 支笏湖",2024.09 目撃,未確認,
2024,29,7月22日(月曜日)午後1時30分頃,千歳市水明郷の道道支笏湖公園線（16号線）の第一発電所バス停付近のカーブから千歳市街地方向へ約1.5km進んだ付近の山林,目撃,7月22日(月曜日)午後1時30分頃、千歳市水明郷の道道支笏湖公園線（16号線）の第一発電所バス停付近のカーブから千歳市街地方向へ約1.5km進んだ付近の山林でクマの目撃情報がありました。十分ご注意ください。,https://www.city.chitose.lg.jp/c50/1002703/1002708/1004033.html,chitose-city_2024_2026-06-09.html,支笏湖周辺,"支笏湖, 水明郷, 道道支笏湖公園線",周辺参考候補,支笏湖周辺キーワード一致: 支笏湖,2024.07 目撃,未確認,
2024,27,7月18日(木曜日) 午後3時13分頃,千歳市泉沢の道道支笏湖公園線（16号線）の烏柵舞橋から支笏湖方面に約500m進んだ付近,目撃,7月18日(木曜日) 午後3時13分頃、千歳市泉沢の道道支笏湖公園線（16号線）の烏柵舞橋から支笏湖方面に約500m進んだ付近で東から西へ横断するクマの目撃情報がありました。十分ご注意ください。,https://www.city.chitose.lg.jp/c50/1002703/1002708/1004033.html,chitose-city_2024_2026-06-09.html,支笏湖周辺,"支笏湖, 道道支笏湖公園線",周辺参考候補,支笏湖周辺キーワード一致: 支笏湖,2024.07 目撃,未確認,
2024,25,7月14日(日曜日) 午後2時05分頃,千歳市幌美内の国道453号を丸駒橋から恵庭方向へ約3km進んだ付近,目撃,7月14日(日曜日) 午後2時05分頃、千歳市幌美内の国道453号を丸駒橋から恵庭方向へ約3km進んだ付近で北から南へ横断するクマの目撃情報がありました。十分ご注意ください。,https://www.city.chitose.lg.jp/c50/1002703/1002708/1004033.html,chitose-city_2024_2026-06-09.html,支笏湖周辺,"幌美内, 丸駒, 国道453号",周辺参考候補,"支笏湖周辺キーワード一致: 幌美内, 丸駒",2024.07 目撃,未確認,
2024,19,6月25日(火曜日) 午後5時30分頃,千歳市幌美内の恵庭岳登山道入口から約500m登った付近,目撃,6月25日(火曜日) 午後5時30分頃、千歳市幌美内の恵庭岳登山道入口から約500m登った付近でクマの目撃情報がありました。十分ご注意ください。,https://www.city.chitose.lg.jp/c50/1002703/1002708/1004033.html,chitose-city_2024_2026-06-09.html,支笏湖周辺,"幌美内, 恵庭岳",周辺参考候補,"支笏湖周辺キーワード一致: 幌美内, 恵庭岳",2024.06 目撃,未確認,
2024,17,6月23日(日曜日) 午前6時28分頃,千歳市水明郷の道道支笏湖公園線（16号線）の藤の沢林道入口付近,目撃,6月23日(日曜日) 午前6時28分頃、千歳市水明郷の道道支笏湖公園線（16号線）の藤の沢林道入口付近で北から南へ横断するクマの目撃情報がありました。十分ご注意ください。,https://www.city.chitose.lg.jp/c50/1002703/1002708/1004033.html,chitose-city_2024_2026-06-09.html,支笏湖周辺,"支笏湖, 水明郷, 道道支笏湖公園線",周辺参考候補,支笏湖周辺キーワード一致: 支笏湖,2024.06 目撃,未確認,
2024,15,6月22日(土曜日) 正午頃,千歳市泉沢の道道支笏湖公園線（16号線）の烏柵舞橋から支笏湖方面に約300m進んだ付近の山林,目撃,6月22日(土曜日) 正午頃、千歳市泉沢の道道支笏湖公園線（16号線）の烏柵舞橋から支笏湖方面に約300m進んだ付近の山林でクマの目撃情報がありました。十分ご注意ください。,https://www.city.chitose.lg.jp/c50/1002703/1002708/1004033.html,chitose-city_2024_2026-06-09.html,支笏湖周辺,"支笏湖, 道道支笏湖公園線",周辺参考候補,支笏湖周辺キーワード一致: 支笏湖,2024.06 目撃,未確認,
2024,11,6月7日(金曜日) 午前11時35分頃,千歳市泉沢の道道支笏湖公園線（16号線）の烏柵舞林道入口から支笏湖方面に約400m進んだ付近,目撃,6月7日(金曜日) 午前11時35分頃、千歳市泉沢の道道支笏湖公園線（16号線）の烏柵舞林道入口から支笏湖方面に約400m進んだ付近でクマの目撃情報がありました。十分ご注意ください。,https://www.city.chitose.lg.jp/c50/1002703/1002708/1004033.html,chitose-city_2024_2026-06-09.html,支笏湖周辺,"支笏湖, 道道支笏湖公園線",周辺参考候補,支笏湖周辺キーワード一致: 支笏湖,2024.06 目撃,未確認,
2024,7,5月16日(木曜日) 午前6：35頃,千歳市西森の国道453号の道道支笏湖公園線（16号線）分岐点信号から苫小牧方面へ約400m進んだ付近,目撃,5月16日(木曜日) 午前6：35頃、千歳市西森の国道453号の道道支笏湖公園線（16号線）分岐点信号から苫小牧方面へ約400m進んだ付近で西から東へ横断するクマの目撃情報がありました。十分ご注意ください。,https://www.city.chitose.lg.jp/c50/1002703/1002708/1004033.html,chitose-city_2024_2026-06-09.html,支笏湖周辺,"支笏湖, 西森, 道道支笏湖公園線, 国道453号",周辺参考候補,支笏湖周辺キーワード一致: 支笏湖,2024.05 目撃,未確認,
2024,5,4月4日(木曜日) 午後5：15頃,千歳市水明郷の道道支笏湖公園線（16号線）と国道453号の分岐点信号から支笏湖温泉方面へ約300m進んだ付近の山林,目撃,4月4日(木曜日) 午後5：15頃、千歳市水明郷の道道支笏湖公園線（16号線）と国道453号の分岐点信号から支笏湖温泉方面へ約300m進んだ付近の山林でクマの目撃情報がありました。十分ご注意ください。,https://www.city.chitose.lg.jp/c50/1002703/1002708/1004033.html,chitose-city_2024_2026-06-09.html,支笏湖周辺,"支笏湖温泉, 支笏湖, 水明郷, 道道支笏湖公園線, 国道453号",周辺参考候補,"支笏湖周辺キーワード一致: 支笏湖温泉, 支笏湖",2024.04 目撃,未確認,
2024,4,3月28日(木曜日) 午後1：30頃,千歳市西森の国道453号の道道支笏湖公園線（16号線）分岐点信号から苫小牧方面へ約300m進んだ付近,目撃,3月28日(木曜日) 午後1：30頃、千歳市西森の国道453号の道道支笏湖公園線（16号線）分岐点信号から苫小牧方面へ約300m進んだ付近でクマの目撃情報がありました。十分ご注意ください。,https://www.city.chitose.lg.jp/c50/1002703/1002708/1004033.html,chitose-city_2024_2026-06-09.html,支笏湖周辺,"支笏湖, 西森, 道道支笏湖公園線, 国道453号",周辺参考候補,支笏湖周辺キーワード一致: 支笏湖,2024.03 目撃,未確認,
2024,3,3月27日(水曜日) 午後4：50頃,千歳市幌美内の国道453号のポロピナイ展望台から札幌方面へ約700m進んだ付近,目撃,3月27日(水曜日) 午後4：50頃、千歳市幌美内の国道453号のポロピナイ展望台から札幌方面へ約700m進んだ付近でクマの目撃情報がありました。十分ご注意ください。,https://www.city.chitose.lg.jp/c50/1002703/1002708/1004033.html,chitose-city_2024_2026-06-09.html,支笏湖周辺,"幌美内, ポロピナイ, 国道453号",周辺参考候補,"支笏湖周辺キーワード一致: 幌美内, ポロピナイ",2024.03 目撃,未確認,
2024,2,3月27日(水曜日) 午前5：10頃,千歳市泉沢の道道支笏湖公園線（16号線）の烏柵舞橋から支笏湖方面に約600m進んだ付近の山林,目撃,3月27日(水曜日) 午前5：10頃、千歳市泉沢の道道支笏湖公園線（16号線）の烏柵舞橋から支笏湖方面に約600m進んだ付近の山林でクマの目撃情報がありました。十分ご注意ください。,https://www.city.chitose.lg.jp/c50/1002703/1002708/1004033.html,chitose-city_2024_2026-06-09.html,支笏湖周辺,"支笏湖, 道道支笏湖公園線",周辺参考候補,支笏湖周辺キーワード一致: 支笏湖,2024.03 目撃,未確認,
2024,1,3月20日(水曜日) 午前10：08頃,千歳市水明郷の道道支笏湖公園線（16号線）と国道453号の分岐点信号付近,目撃,3月20日(水曜日) 午前10：08頃、千歳市水明郷の道道支笏湖公園線（16号線）と国道453号の分岐点信号付近でクマの目撃情報がありました。十分ご注意ください。,https://www.city.chitose.lg.jp/c50/1002703/1002708/1004033.html,chitose-city_2024_2026-06-09.html,支笏湖周辺,"支笏湖, 水明郷, 道道支笏湖公園線, 国道453号",周辺参考候補,支笏湖周辺キーワード一致: 支笏湖,2024.03 目撃,未確認,
2023,53,11月24日(金曜日)午前7時50分頃,千歳市水明郷の国道453号の滝の上バス停から東に約300メートル進んだ付近,目撃,11月24日(金曜日)午前7時50分頃、千歳市水明郷の国道453号の滝の上バス停から東に約300メートル進んだ付近でクマの目撃情報がありました。十分ご注意ください。,https://www.city.chitose.lg.jp/c50/1002703/1002708/1003809.html,chitose-city_2023_2026-06-09.html,支笏湖導線,"水明郷, 国道453号",周辺参考候補,支笏湖導線キーワード一致: 水明郷,2023.11 目撃,未確認,
2023,52,11月14日(火曜日) 午後3時54分頃,千歳市水明郷の道道支笏湖公園線（16号線）の分岐点バス停から千歳市街地方面へ約500メートル進んだ付近,目撃,11月14日(火曜日) 午後3時54分頃、千歳市水明郷の道道支笏湖公園線（16号線）の分岐点バス停から千歳市街地方面へ約500メートル進んだ付近で東から西へ横断するクマの目撃情報がありました。十分ご注意ください。,https://www.city.chitose.lg.jp/c50/1002703/1002708/1003809.html,chitose-city_2023_2026-06-09.html,支笏湖周辺,"支笏湖, 水明郷, 道道支笏湖公園線",周辺参考候補,支笏湖周辺キーワード一致: 支笏湖,2023.11 目撃,未確認,
2023,50,11月3日(金曜日) 午前10時30分頃,千歳市幌美内の恵庭岳登山道入口から約500メートル登った付近,フン,11月3日(金曜日) 午前10時30分頃、千歳市幌美内の恵庭岳登山道入口から約500メートル登った付近でクマのフンの発見情報がありました。十分ご注意ください。,https://www.city.chitose.lg.jp/c50/1002703/1002708/1003809.html,chitose-city_2023_2026-06-09.html,支笏湖周辺,"幌美内, 恵庭岳",周辺参考候補,"支笏湖周辺キーワード一致: 幌美内, 恵庭岳",2023.11 フン,未確認,
2023,49,10月21日(土曜日) 午後11時30分頃,千歳市水明郷の道道支笏湖公園線（16号線）の水明郷パーキングから西へ約300メートル進んだ付近,目撃,10月21日(土曜日) 午後11時30分頃、千歳市水明郷の道道支笏湖公園線（16号線）の水明郷パーキングから西へ約300メートル進んだ付近でクマの目撃情報がありました。十分ご注意ください。,https://www.city.chitose.lg.jp/c50/1002703/1002708/1003809.html,chitose-city_2023_2026-06-09.html,支笏湖周辺,"支笏湖, 水明郷, 道道支笏湖公園線",周辺参考候補,支笏湖周辺キーワード一致: 支笏湖,2023.10 目撃,未確認,
2023,46,10月15日(日曜日)午前11時40分頃,千歳市水明郷の国道453号の滝の上バス停から西に約100メートル進んだ付近,目撃,10月15日(日曜日)午前11時40分頃、千歳市水明郷の国道453号の滝の上バス停から西に約100メートル進んだ付近でクマの目撃情報がありました。十分ご注意ください。,https://www.city.chitose.lg.jp/c50/1002703/1002708/1003809.html,chitose-city_2023_2026-06-09.html,支笏湖導線,"水明郷, 国道453号",周辺参考候補,支笏湖導線キーワード一致: 水明郷,2023.10 目撃,未確認,
2023,45,10月9日(月曜日) 午前5時40分頃,千歳市水明郷の道道支笏湖公園線（16号線）の藤の沢林道入口から東に約600メートル進んだ付近,目撃,10月9日(月曜日) 午前5時40分頃、千歳市水明郷の道道支笏湖公園線（16号線）の藤の沢林道入口から東に約600メートル進んだ付近で南から北へ横断するクマの目撃情報がありました。十分ご注意ください。,https://www.city.chitose.lg.jp/c50/1002703/1002708/1003809.html,chitose-city_2023_2026-06-09.html,支笏湖周辺,"支笏湖, 水明郷, 道道支笏湖公園線",周辺参考候補,支笏湖周辺キーワード一致: 支笏湖,2023.10 目撃,未確認,
2023,44,10月4日(水曜日) 午後6時31分頃,千歳市水明郷の道道支笏湖公園線（16号線）の烏柵舞林道入口から支笏湖方面に約800メートル進んだ付近,目撃,10月4日(水曜日) 午後6時31分頃、千歳市水明郷の道道支笏湖公園線（16号線）の烏柵舞林道入口から支笏湖方面に約800メートル進んだ付近で北から南へ横断するクマの目撃情報がありました。十分ご注意ください。,https://www.city.chitose.lg.jp/c50/1002703/1002708/1003809.html,chitose-city_2023_2026-06-09.html,支笏湖周辺,"支笏湖, 水明郷, 道道支笏湖公園線",周辺参考候補,支笏湖周辺キーワード一致: 支笏湖,2023.10 目撃,未確認,
2023,43,10月2日(月曜日) 午前8時10分頃,千歳市水明郷の道道支笏湖公園線（16号線）の水明郷パーキングから西へ約500メートル進んだ付近,目撃,10月2日(月曜日) 午前8時10分頃、千歳市水明郷の道道支笏湖公園線（16号線）の水明郷パーキングから西へ約500メートル進んだ付近でクマの目撃情報がありました。十分ご注意ください。,https://www.city.chitose.lg.jp/c50/1002703/1002708/1003809.html,chitose-city_2023_2026-06-09.html,支笏湖周辺,"支笏湖, 水明郷, 道道支笏湖公園線",周辺参考候補,支笏湖周辺キーワード一致: 支笏湖,2023.10 目撃,未確認,
2023,42,10月1日(日曜日) 午後2時05分頃,千歳市水明郷の道道支笏湖公園線（16号線）の水明郷パーキングから西へ約500メートル進んだ付近,目撃,10月1日(日曜日) 午後2時05分頃、千歳市水明郷の道道支笏湖公園線（16号線）の水明郷パーキングから西へ約500メートル進んだ付近でクマの目撃情報がありました。十分ご注意ください。,https://www.city.chitose.lg.jp/c50/1002703/1002708/1003809.html,chitose-city_2023_2026-06-09.html,支笏湖周辺,"支笏湖, 水明郷, 道道支笏湖公園線",周辺参考候補,支笏湖周辺キーワード一致: 支笏湖,2023.10 目撃,未確認,
2023,41,9月30日(土曜日) 午前8時20分頃,千歳市水明郷の道道支笏湖公園線（16号線）の水明郷パーキングから西へ1.5キロメートル進んだ付近,目撃,9月30日(土曜日) 午前8時20分頃、千歳市水明郷の道道支笏湖公園線（16号線）の水明郷パーキングから西へ1.5キロメートル進んだ付近で北へ移動するクマの目撃情報がありました。十分ご注意ください。,https://www.city.chitose.lg.jp/c50/1002703/1002708/1003809.html,chitose-city_2023_2026-06-09.html,支笏湖周辺,"支笏湖, 水明郷, 道道支笏湖公園線",周辺参考候補,支笏湖周辺キーワード一致: 支笏湖,2023.09 目撃,未確認,
2023,40,9月24日(日曜日) 午後7時50分頃,千歳市美笛の国道276号の美笛トンネルから伊達市方面へ約200メートル進んだ付近,目撃,9月24日(日曜日) 午後7時50分頃、千歳市美笛の国道276号の美笛トンネルから伊達市方面へ約200メートル進んだ付近でクマの目撃情報がありました。十分ご注意ください。,https://www.city.chitose.lg.jp/c50/1002703/1002708/1003809.html,chitose-city_2023_2026-06-09.html,美笛近接,"美笛トンネル, 美笛, 国道276号",公開候補,"美笛関連キーワード一致: 美笛トンネル, 美笛",2023.09 目撃,未確認,
2023,39,9月23日(土曜日)午後7時18分頃,千歳市西森の道道支笏湖公園線（16号線）の第一発電所バス停付近のカーブから千歳市街地方面へ約200メートル進んだ付近,目撃,9月23日(土曜日)午後7時18分頃、千歳市西森の道道支笏湖公園線（16号線）の第一発電所バス停付近のカーブから千歳市街地方面へ約200メートル進んだ付近でクマの目撃情報がありました。十分ご注意ください。,https://www.city.chitose.lg.jp/c50/1002703/1002708/1003809.html,chitose-city_2023_2026-06-09.html,支笏湖周辺,"支笏湖, 西森, 道道支笏湖公園線",周辺参考候補,支笏湖周辺キーワード一致: 支笏湖,2023.09 目撃,未確認,
2023,38,9月19日(水曜日)午後5時45分頃,千歳市水明郷の国道453号の滝の上バス停から東に約100メートル進んだ付近,目撃,9月19日(水曜日)午後5時45分頃、千歳市水明郷の国道453号の滝の上バス停から東に約100メートル進んだ付近でクマの目撃情報がありました。十分ご注意ください。,https://www.city.chitose.lg.jp/c50/1002703/1002708/1003809.html,chitose-city_2023_2026-06-09.html,支笏湖導線,"水明郷, 国道453号",周辺参考候補,支笏湖導線キーワード一致: 水明郷,2023.09 目撃,未確認,
2023,37,9月19日(火曜日)午後3時45分頃,千歳市支笏湖温泉の国道453号の石狩森林管理署支笏森林事務所に向かうT字路の交差点から東に約100メートル進んだ付近,目撃,9月19日(火曜日)午後3時45分頃、千歳市支笏湖温泉の国道453号の石狩森林管理署支笏森林事務所に向かうT字路の交差点から東に約100メートル進んだ付近でクマの目撃情報がありました。十分ご注意ください。,https://www.city.chitose.lg.jp/c50/1002703/1002708/1003809.html,chitose-city_2023_2026-06-09.html,支笏湖周辺,"支笏湖温泉, 支笏湖, 国道453号",周辺参考候補,"支笏湖周辺キーワード一致: 支笏湖温泉, 支笏湖",2023.09 目撃,未確認,
2023,36,9月17日(日曜日) 午後11時00分頃,千歳市西森の道道支笏湖公園線（16号線）の分岐点バス停から苫小牧方面へ約100メートル進んだ国道453号,目撃,9月17日(日曜日) 午後11時00分頃、千歳市西森の道道支笏湖公園線（16号線）の分岐点バス停から苫小牧方面へ約100メートル進んだ国道453号を西から東へ横断するクマの目撃情報がありました。十分ご注意ください。,https://www.city.chitose.lg.jp/c50/1002703/1002708/1003809.html,chitose-city_2023_2026-06-09.html,支笏湖周辺,"支笏湖, 西森, 道道支笏湖公園線, 国道453号",周辺参考候補,支笏湖周辺キーワード一致: 支笏湖,2023.09 目撃,未確認,
2023,32,7月10日(月曜日) 午前10時40分頃,千歳市美笛の道道支笏湖線（78号線）の美笛橋から南に約400メートル進んだ付近,目撃,7月10日(月曜日) 午前10時40分頃、千歳市美笛の道道支笏湖線（78号線）の美笛橋から南に約400メートル進んだ付近でクマの目撃情報がありました。十分ご注意ください。,https://www.city.chitose.lg.jp/c50/1002703/1002708/1003809.html,chitose-city_2023_2026-06-09.html,美笛近接,"美笛橋, 美笛, 支笏湖, 道道支笏湖線",公開候補,"美笛関連キーワード一致: 美笛橋, 美笛",2023.07 目撃,未確認,
2023,31,7月5日(水曜日) 午前8時27分頃,千歳市支寒内の国道276号の道道支笏湖線（78号線）との分岐付近,目撃,7月5日(水曜日) 午前8時27分頃、千歳市支寒内の国道276号の道道支笏湖線（78号線）との分岐付近で西から東へ横断するクマの目撃情報がありました。十分ご注意ください。,https://www.city.chitose.lg.jp/c50/1002703/1002708/1003809.html,chitose-city_2023_2026-06-09.html,支笏湖周辺,"支笏湖, 支寒内, 道道支笏湖線, 国道276号",周辺参考候補,"支笏湖周辺キーワード一致: 支笏湖, 支寒内",2023.07 目撃,未確認,
2023,29,6月22日(木曜日)午前7時00分頃,千歳市水明郷の国道453号の滝の上バス停から東に約100メートル進んだ付近,目撃,6月22日(木曜日)午前7時00分頃、千歳市水明郷の国道453号の滝の上バス停から東に約100メートル進んだ付近で北へ移動するクマの目撃情報がありました。十分ご注意ください。,https://www.city.chitose.lg.jp/c50/1002703/1002708/1003809.html,chitose-city_2023_2026-06-09.html,支笏湖導線,"水明郷, 国道453号",周辺参考候補,支笏湖導線キーワード一致: 水明郷,2023.06 目撃,未確認,
2023,28,6月17日(土曜日) 午後7時00分頃,千歳市美笛の国道276号線の春笛橋付近,目撃,6月17日(土曜日) 午後7時00分頃、千歳市美笛の国道276号線の春笛橋付近でクマの目撃情報がありました。十分ご注意ください。,https://www.city.chitose.lg.jp/c50/1002703/1002708/1003809.html,chitose-city_2023_2026-06-09.html,美笛近接,"美笛, 国道276号線, 国道276号",公開候補,美笛関連キーワード一致: 美笛,2023.06 目撃,未確認,
2023,27,6月17日(土曜日) 午後6時30分頃,千歳市美笛の道道支笏湖線（78号線）の美笛橋から南に約400メートル進んだ付近,目撃,6月17日(土曜日) 午後6時30分頃、千歳市美笛の道道支笏湖線（78号線）の美笛橋から南に約400メートル進んだ付近で東から西へ横断するクマの目撃情報がありました。十分ご注意ください。,https://www.city.chitose.lg.jp/c50/1002703/1002708/1003809.html,chitose-city_2023_2026-06-09.html,美笛近接,"美笛橋, 美笛, 支笏湖, 道道支笏湖線",公開候補,"美笛関連キーワード一致: 美笛橋, 美笛",2023.06 目撃,未確認,
2023,26,6月17日(土曜日) 午後6時05分頃,千歳市水明郷の道道支笏湖公園線（16号線）の第一発電所バス停付近のカーブから市街地方面へ250メートル進んだ付近,目撃,6月17日(土曜日) 午後6時05分頃、千歳市水明郷の道道支笏湖公園線（16号線）の第一発電所バス停付近のカーブから市街地方面へ250メートル進んだ付近で南から北へ横断するクマの目撃情報がありました。十分ご注意ください。,https://www.city.chitose.lg.jp/c50/1002703/1002708/1003809.html,chitose-city_2023_2026-06-09.html,支笏湖周辺,"支笏湖, 水明郷, 道道支笏湖公園線",周辺参考候補,支笏湖周辺キーワード一致: 支笏湖,2023.06 目撃,未確認,
2023,25,6月16日(金曜日) 午前9時23分頃,千歳市美笛の国道276号から道道支笏湖線（78号線）を約500メートル進んだ付近,目撃,6月16日(金曜日) 午前9時23分頃、千歳市美笛の国道276号から道道支笏湖線（78号線）を約500メートル進んだ付近で東から西へ横断するクマの目撃情報がありました。十分ご注意ください。,https://www.city.chitose.lg.jp/c50/1002703/1002708/1003809.html,chitose-city_2023_2026-06-09.html,美笛近接,"美笛, 支笏湖, 道道支笏湖線, 国道276号",公開候補,美笛関連キーワード一致: 美笛,2023.06 目撃,未確認,
2023,24,6月16日(金曜日) 午前9時00分頃,千歳市水明郷の道道支笏湖公園線（16号線）の水明郷パーキング付近,目撃,6月16日(金曜日) 午前9時00分頃、千歳市水明郷の道道支笏湖公園線（16号線）の水明郷パーキング付近で南から北へ横断するクマの目撃情報がありました。十分ご注意ください。,https://www.city.chitose.lg.jp/c50/1002703/1002708/1003809.html,chitose-city_2023_2026-06-09.html,支笏湖周辺,"支笏湖, 水明郷, 道道支笏湖公園線",周辺参考候補,支笏湖周辺キーワード一致: 支笏湖,2023.06 目撃,未確認,
2023,23,6月15日(木曜日) 午後8時00分頃,千歳市水明郷の道道支笏湖公園線（16号線）の水明郷パーキングから西へ1キロメートル進んだ付近,目撃,6月15日(木曜日) 午後8時00分頃、千歳市水明郷の道道支笏湖公園線（16号線）の水明郷パーキングから西へ1キロメートル進んだ付近で北へ移動するクマの目撃情報がありました。十分ご注意ください。,https://www.city.chitose.lg.jp/c50/1002703/1002708/1003809.html,chitose-city_2023_2026-06-09.html,支笏湖周辺,"支笏湖, 水明郷, 道道支笏湖公園線",周辺参考候補,支笏湖周辺キーワード一致: 支笏湖,2023.06 目撃,未確認,
2023,22,6月15日(木曜日) 午後4時50分頃,千歳市水明郷の道道支笏湖公園線（16号線）の丸山縦断林道入口付近,目撃,6月15日(木曜日) 午後4時50分頃、千歳市水明郷の道道支笏湖公園線（16号線）の丸山縦断林道入口付近で南から北へ横断するクマの目撃情報がありました。十分ご注意ください。,https://www.city.chitose.lg.jp/c50/1002703/1002708/1003809.html,chitose-city_2023_2026-06-09.html,支笏湖周辺,"支笏湖, 水明郷, 道道支笏湖公園線",周辺参考候補,支笏湖周辺キーワード一致: 支笏湖,2023.06 目撃,未確認,
2023,21,6月12日(月曜日) 午前7時21分頃,千歳市美笛の国道276号の千歳橋から西へ約400メートル進んだ付近,目撃,6月12日(月曜日) 午前7時21分頃、千歳市美笛の国道276号の千歳橋から西へ約400メートル進んだ付近でクマの目撃情報がありました。十分ご注意ください。,https://www.city.chitose.lg.jp/c50/1002703/1002708/1003809.html,chitose-city_2023_2026-06-09.html,美笛近接,"美笛, 国道276号, 千歳橋",公開候補,美笛関連キーワード一致: 美笛,2023.06 目撃,未確認,
2023,20,6月10日(土曜日) 午前9時21分頃,千歳市美笛の道道支笏湖線（78号線）の美笛橋から国道276号方面へ約200メートル進んだ付近,目撃,6月10日(土曜日) 午前9時21分頃、千歳市美笛の道道支笏湖線（78号線）の美笛橋から国道276号方面へ約200メートル進んだ付近でクマの目撃情報がありました。十分ご注意ください。,https://www.city.chitose.lg.jp/c50/1002703/1002708/1003809.html,chitose-city_2023_2026-06-09.html,美笛近接,"美笛橋, 美笛, 支笏湖, 道道支笏湖線, 国道276号",公開候補,"美笛関連キーワード一致: 美笛橋, 美笛",2023.06 目撃,未確認,
2023,19,6月7日(水曜日) 午前11時10分頃,千歳市美笛の美笛キャンプ場入場ゲート手前約300メートル付近,目撃,6月7日(水曜日) 午前11時10分頃、千歳市美笛の美笛キャンプ場入場ゲート手前約300メートル付近でクマの目撃情報がありました。十分ご注意ください。,https://www.city.chitose.lg.jp/c50/1002703/1002708/1003809.html,chitose-city_2023_2026-06-09.html,美笛近接,"美笛キャンプ場, 美笛",公開候補,"美笛関連キーワード一致: 美笛キャンプ場, 美笛",2023.06 目撃,未確認,
2023,18,6月5日(月曜日) 午後7時20分頃,千歳市水明郷の道道支笏湖公園線（16号線）の東烏柵舞バス停付近,目撃,6月5日(月曜日) 午後7時20分頃、千歳市水明郷の道道支笏湖公園線（16号線）の東烏柵舞バス停付近で北から南へ横断するクマの目撃情報がありました。十分ご注意ください。,https://www.city.chitose.lg.jp/c50/1002703/1002708/1003809.html,chitose-city_2023_2026-06-09.html,支笏湖周辺,"支笏湖, 水明郷, 道道支笏湖公園線",周辺参考候補,支笏湖周辺キーワード一致: 支笏湖,2023.06 目撃,未確認,
2023,14,5月27日(土曜日) 午前10時50分頃,千歳市美笛の国道276号の千歳橋付近,目撃,5月27日(土曜日) 午前10時50分頃、千歳市美笛の国道276号の千歳橋付近でクマの目撃情報がありました。十分ご注意ください。,https://www.city.chitose.lg.jp/c50/1002703/1002708/1003809.html,chitose-city_2023_2026-06-09.html,美笛近接,"美笛, 国道276号, 千歳橋",公開候補,美笛関連キーワード一致: 美笛,2023.05 目撃,未確認,
2023,13,5月24日(水曜日) 午前7時00分頃,千歳市水明郷の道道支笏湖公園線（16号線）の水明郷パーキング付近,目撃,5月24日(水曜日) 午前7時00分頃、千歳市水明郷の道道支笏湖公園線（16号線）の水明郷パーキング付近で北から南へ横断するクマの目撃情報がありました。十分ご注意ください。,https://www.city.chitose.lg.jp/c50/1002703/1002708/1003809.html,chitose-city_2023_2026-06-09.html,支笏湖周辺,"支笏湖, 水明郷, 道道支笏湖公園線",周辺参考候補,支笏湖周辺キーワード一致: 支笏湖,2023.05 目撃,未確認,
2023,12,5月23日(火曜日) 午後5時50分頃,千歳市西森の道道支笏湖公園線（16号線）の分岐点バス停から苫小牧方面へ約100メートル進んだ国道453号,目撃,5月23日(火曜日) 午後5時50分頃、千歳市西森の道道支笏湖公園線（16号線）の分岐点バス停から苫小牧方面へ約100メートル進んだ国道453号を西から東へ横断するクマの目撃情報がありました。十分ご注意ください。,https://www.city.chitose.lg.jp/c50/1002703/1002708/1003809.html,chitose-city_2023_2026-06-09.html,支笏湖周辺,"支笏湖, 西森, 道道支笏湖公園線, 国道453号",周辺参考候補,支笏湖周辺キーワード一致: 支笏湖,2023.05 目撃,未確認,
2023,11,5月18日(木曜日) 午前7時15分頃,千歳市水明郷の道道支笏湖公園線（16号線）の烏柵舞林道入口から支笏湖方面に約700メートル進んだ付近,目撃,5月18日(木曜日) 午前7時15分頃、千歳市水明郷の道道支笏湖公園線（16号線）の烏柵舞林道入口から支笏湖方面に約700メートル進んだ付近で南から北へ横断するクマの目撃情報がありました。十分ご注意ください。,https://www.city.chitose.lg.jp/c50/1002703/1002708/1003809.html,chitose-city_2023_2026-06-09.html,支笏湖周辺,"支笏湖, 水明郷, 道道支笏湖公園線",周辺参考候補,支笏湖周辺キーワード一致: 支笏湖,2023.05 目撃,未確認,
2023,9,5月16日(火曜日) 午前11時20分頃,千歳市支笏湖温泉の紋別岳登山口付近,目撃,5月16日(火曜日) 午前11時20分頃、千歳市支笏湖温泉の紋別岳登山口付近でクマの目撃情報がありました。十分ご注意ください。,https://www.city.chitose.lg.jp/c50/1002703/1002708/1003809.html,chitose-city_2023_2026-06-09.html,支笏湖周辺,"支笏湖温泉, 支笏湖, 紋別岳",周辺参考候補,"支笏湖周辺キーワード一致: 支笏湖温泉, 支笏湖, 紋別岳",2023.05 目撃,未確認,
2023,3,5月9日(火曜日) 午後3時35分頃,千歳市幌美内の恵庭岳1合目付近,目撃,5月9日(火曜日) 午後3時35分頃、千歳市幌美内の恵庭岳1合目付近でクマの目撃情報がありました。十分ご注意ください。,https://www.city.chitose.lg.jp/c50/1002703/1002708/1003809.html,chitose-city_2023_2026-06-09.html,支笏湖周辺,"幌美内, 恵庭岳",周辺参考候補,"支笏湖周辺キーワード一致: 幌美内, 恵庭岳",2023.05 目撃,未確認,
2023,2,4月19日(水曜日) 午後0時30分頃,千歳市支笏湖温泉の国道453号の北無料駐車場から東へ約500メートル付近,目撃,4月19日(水曜日) 午後0時30分頃、千歳市支笏湖温泉の国道453号の北無料駐車場から東へ約500メートル付近でクマの目撃情報がありました。十分ご注意ください。,https://www.city.chitose.lg.jp/c50/1002703/1002708/1003809.html,chitose-city_2023_2026-06-09.html,支笏湖周辺,"支笏湖温泉, 支笏湖, 国道453号",周辺参考候補,"支笏湖周辺キーワード一致: 支笏湖温泉, 支笏湖",2023.04 目撃,未確認,
2023,1,3月17日(金曜日) 午前8時45分頃,千歳市支笏湖温泉の紋別岳登山道5合目付近,目撃,3月17日(金曜日) 午前8時45分頃、千歳市支笏湖温泉の紋別岳登山道5合目付近でクマの目撃情報がありました。十分ご注意ください。,https://www.city.chitose.lg.jp/c50/1002703/1002708/1003809.html,chitose-city_2023_2026-06-09.html,支笏湖周辺,"支笏湖温泉, 支笏湖, 紋別岳",周辺参考候補,"支笏湖周辺キーワード一致: 支笏湖温泉, 支笏湖, 紋別岳",2023.03 目撃,未確認,
2022,39,11月13日(日曜日) 午後7時39分頃,千歳市モラップの国道276号線の支笏小橋から東へ約400メートル付近,目撃,11月13日(日曜日) 午後7時39分頃、千歳市モラップの国道276号線の支笏小橋から東へ約400メートル付近でクマの目撃情報がありました。十分ご注意ください。,https://www.city.chitose.lg.jp/c50/1002703/1002708/1003659.html,chitose-city_2022_2026-06-09.html,支笏湖周辺,"モラップ, 支笏小橋, 国道276号線, 国道276号",周辺参考候補,"支笏湖周辺キーワード一致: モラップ, 支笏小橋",2022.11 目撃,未確認,
2022,37,10月26日(水曜日)午前8時55分頃,千歳市水明郷の道道支笏湖公園線（16号線）の水明郷パーキングから支笏湖方面へ約800メートル進んだ付近,目撃,10月26日(水曜日)午前8時55分頃、千歳市水明郷の道道支笏湖公園線（16号線）の水明郷パーキングから支笏湖方面へ約800メートル進んだ付近でクマの目撃情報がありました。十分ご注意ください。,https://www.city.chitose.lg.jp/c50/1002703/1002708/1003659.html,chitose-city_2022_2026-06-09.html,支笏湖周辺,"支笏湖, 水明郷, 道道支笏湖公園線",周辺参考候補,支笏湖周辺キーワード一致: 支笏湖,2022.10 目撃,未確認,
2022,36,10月18日(火曜日) 午前6時42分頃,千歳市水明郷の道道支笏湖公園線（16号線）の水明郷パーキングから千歳方面へ約1キロメートル進んだ付近,目撃,10月18日(火曜日) 午前6時42分頃、千歳市水明郷の道道支笏湖公園線（16号線）の水明郷パーキングから千歳方面へ約1キロメートル進んだ付近で北から南へ横断するクマの目撃情報がありました。十分ご注意ください。,https://www.city.chitose.lg.jp/c50/1002703/1002708/1003659.html,chitose-city_2022_2026-06-09.html,支笏湖周辺,"支笏湖, 水明郷, 道道支笏湖公園線",周辺参考候補,支笏湖周辺キーワード一致: 支笏湖,2022.10 目撃,未確認,
2022,35,10月13日(木曜日) 午前11時50分頃,千歳市支寒内の国道276号線の風不死岳北尾根コース登山口から西へ約2.2キロメートル付近,目撃,10月13日(木曜日) 午前11時50分頃、千歳市支寒内の国道276号線の風不死岳北尾根コース登山口から西へ約2.2キロメートル付近でクマの目撃情報がありました。十分ご注意ください。,https://www.city.chitose.lg.jp/c50/1002703/1002708/1003659.html,chitose-city_2022_2026-06-09.html,支笏湖周辺,"支寒内, 風不死岳, 国道276号線, 国道276号",周辺参考候補,"支笏湖周辺キーワード一致: 支寒内, 風不死岳",2022.10 目撃,未確認,
2022,34,10月7日(金曜日) 午後1時53分頃,千歳市モラップの国道276号線の支笏小橋付近,目撃,10月7日(金曜日) 午後1時53分頃、千歳市モラップの国道276号線の支笏小橋付近でクマの目撃情報がありました。十分ご注意ください。,https://www.city.chitose.lg.jp/c50/1002703/1002708/1003659.html,chitose-city_2022_2026-06-09.html,支笏湖周辺,"モラップ, 支笏小橋, 国道276号線, 国道276号",周辺参考候補,"支笏湖周辺キーワード一致: モラップ, 支笏小橋",2022.10 目撃,未確認,
2022,33,10月7日(金曜日) 正午頃,千歳市モラップの国道276号線の風不死岳北尾根コース登山口から東へ約500メートル付近,目撃,10月7日(金曜日) 正午頃、千歳市モラップの国道276号線の風不死岳北尾根コース登山口から東へ約500メートル付近でクマの目撃情報がありました。十分ご注意ください。,https://www.city.chitose.lg.jp/c50/1002703/1002708/1003659.html,chitose-city_2022_2026-06-09.html,支笏湖周辺,"モラップ, 風不死岳, 国道276号線, 国道276号",周辺参考候補,"支笏湖周辺キーワード一致: モラップ, 風不死岳",2022.10 目撃,未確認,
2022,30,9月21日(水曜日) 午後4時20分頃,千歳市水明郷の道道支笏湖公園線（16号線）の第一発電所入口から支笏湖方面へ約1.9キロメートル付近,目撃,9月21日(水曜日) 午後4時20分頃、千歳市水明郷の道道支笏湖公園線（16号線）の第一発電所入口から支笏湖方面へ約1.9キロメートル付近で西から東へ横断するクマの目撃情報がありました。十分ご注意ください。,https://www.city.chitose.lg.jp/c50/1002703/1002708/1003659.html,chitose-city_2022_2026-06-09.html,支笏湖周辺,"支笏湖, 水明郷, 道道支笏湖公園線",周辺参考候補,支笏湖周辺キーワード一致: 支笏湖,2022.09 目撃,未確認,
2022,29,9月16日(金曜日) 午前9時45分頃,千歳市水明郷の道道支笏湖公園線（16号線）の第一発電所入口から支笏湖方面へ約1キロメートル付近,目撃,9月16日(金曜日) 午前9時45分頃、千歳市水明郷の道道支笏湖公園線（16号線）の第一発電所入口から支笏湖方面へ約1キロメートル付近でクマの目撃情報がありました。十分ご注意ください。,https://www.city.chitose.lg.jp/c50/1002703/1002708/1003659.html,chitose-city_2022_2026-06-09.html,支笏湖周辺,"支笏湖, 水明郷, 道道支笏湖公園線",周辺参考候補,支笏湖周辺キーワード一致: 支笏湖,2022.09 目撃,未確認,
2022,26,9月3日(土曜日) 午後6時25分頃,千歳市水明郷の道道支笏湖公園線（16号線）の水明郷パーキングから千歳方面へ約100メートル進んだ付近,目撃,9月3日(土曜日) 午後6時25分頃、千歳市水明郷の道道支笏湖公園線（16号線）の水明郷パーキングから千歳方面へ約100メートル進んだ付近で北から南へ横断するクマの目撃情報がありました。十分ご注意ください。,https://www.city.chitose.lg.jp/c50/1002703/1002708/1003659.html,chitose-city_2022_2026-06-09.html,支笏湖周辺,"支笏湖, 水明郷, 道道支笏湖公園線",周辺参考候補,支笏湖周辺キーワード一致: 支笏湖,2022.09 目撃,未確認,
2022,24,8月25日(木曜日) 午前6時30分頃,千歳市美笛の道道支笏湖線（78号線）の美笛橋から国道276号線方面に約200メートル進んだ付近,目撃,8月25日(木曜日) 午前6時30分頃、千歳市美笛の道道支笏湖線（78号線）の美笛橋から国道276号線方面に約200メートル進んだ付近でクマの目撃情報がありました。十分ご注意ください。,https://www.city.chitose.lg.jp/c50/1002703/1002708/1003659.html,chitose-city_2022_2026-06-09.html,美笛近接,"美笛橋, 美笛, 支笏湖, 道道支笏湖線, 国道276号線, 国道276号",公開候補,"美笛関連キーワード一致: 美笛橋, 美笛",2022.08 目撃,未確認,
2022,22,8月2日(火曜日) 午後5時50分頃,千歳市泉沢の道道支笏湖公園線（16号線）の烏柵舞橋から支笏湖方面に約300メートル進んだ付近,目撃,8月2日(火曜日) 午後5時50分頃、千歳市泉沢の道道支笏湖公園線（16号線）の烏柵舞橋から支笏湖方面に約300メートル進んだ付近で北から南へ横断するクマの目撃情報がありました。十分ご注意ください。,https://www.city.chitose.lg.jp/c50/1002703/1002708/1003659.html,chitose-city_2022_2026-06-09.html,支笏湖周辺,"支笏湖, 道道支笏湖公園線",周辺参考候補,支笏湖周辺キーワード一致: 支笏湖,2022.08 目撃,未確認,
2022,21,7月24日(日曜日) 午前7時50分頃,千歳市水明郷の道道支笏湖公園線（16号線）の烏柵舞林道入口から支笏湖方面に約500メートル進んだ付近,目撃,7月24日(日曜日) 午前7時50分頃、千歳市水明郷の道道支笏湖公園線（16号線）の烏柵舞林道入口から支笏湖方面に約500メートル進んだ付近で北から南へ横断するクマの目撃情報がありました。十分ご注意ください。,https://www.city.chitose.lg.jp/c50/1002703/1002708/1003659.html,chitose-city_2022_2026-06-09.html,支笏湖周辺,"支笏湖, 水明郷, 道道支笏湖公園線",周辺参考候補,支笏湖周辺キーワード一致: 支笏湖,2022.07 目撃,未確認,
2022,20,7月19日(火曜日) 午後6時06分頃,千歳市泉沢の道道支笏湖公園線（16号線）の烏柵舞林道入口から支笏湖方面に約200メートル進んだ付近の山林,目撃,7月19日(火曜日) 午後6時06分頃、千歳市泉沢の道道支笏湖公園線（16号線）の烏柵舞林道入口から支笏湖方面に約200メートル進んだ付近の山林でクマの目撃情報がありました。十分ご注意ください。,https://www.city.chitose.lg.jp/c50/1002703/1002708/1003659.html,chitose-city_2022_2026-06-09.html,支笏湖周辺,"支笏湖, 道道支笏湖公園線",周辺参考候補,支笏湖周辺キーワード一致: 支笏湖,2022.07 目撃,未確認,
2022,17,7月4日(月曜日) 午後6時25分頃,千歳市西森の道道支笏湖公園線の王子製紙第一発電所付近のカーブから南へ300メートル付近,目撃,7月4日(月曜日) 午後6時25分頃、千歳市西森の道道支笏湖公園線の王子製紙第一発電所付近のカーブから南へ300メートル付近で東から西へ横断するクマの目撃情報がありました。十分ご注意ください。,https://www.city.chitose.lg.jp/c50/1002703/1002708/1003659.html,chitose-city_2022_2026-06-09.html,支笏湖周辺,"支笏湖, 西森, 道道支笏湖公園線",周辺参考候補,支笏湖周辺キーワード一致: 支笏湖,2022.07 目撃,未確認,
2022,11,6月8日(水曜日) 午前7時00分頃,千歳市幌美内の国道453号線と道道支笏湖線（78号線）とのT字路付近で国道,目撃,6月8日(水曜日) 午前7時00分頃、千歳市幌美内の国道453号線と道道支笏湖線（78号線）とのT字路付近で国道を南から北へ横断するクマの目撃情報がありました。十分ご注意ください。,https://www.city.chitose.lg.jp/c50/1002703/1002708/1003659.html,chitose-city_2022_2026-06-09.html,支笏湖周辺,"支笏湖, 幌美内, 道道支笏湖線, 国道453号線, 国道453号",周辺参考候補,"支笏湖周辺キーワード一致: 支笏湖, 幌美内",2022.06 目撃,未確認,
2022,10,6月6日(月曜日) 午前9時50分頃,千歳市泉沢の道道支笏湖公園線（16号線）の孵化場入口バス停から支笏湖方面に300メートル進んだ付近の山林,目撃,6月6日(月曜日) 午前9時50分頃、千歳市泉沢の道道支笏湖公園線（16号線）の孵化場入口バス停から支笏湖方面に300メートル進んだ付近の山林でクマの目撃情報がありました。十分ご注意ください。,https://www.city.chitose.lg.jp/c50/1002703/1002708/1003659.html,chitose-city_2022_2026-06-09.html,支笏湖周辺,"支笏湖, 道道支笏湖公園線",周辺参考候補,支笏湖周辺キーワード一致: 支笏湖,2022.06 目撃,未確認,
2022,8,6月4日(土曜日) 午前4時34分頃,千歳市蘭越の道道支笏湖公園線の烏柵舞橋付近,目撃,6月4日(土曜日) 午前4時34分頃、千歳市蘭越の道道支笏湖公園線の烏柵舞橋付近でクマの目撃情報がありました。十分ご注意ください。,https://www.city.chitose.lg.jp/c50/1002703/1002708/1003659.html,chitose-city_2022_2026-06-09.html,支笏湖周辺,"支笏湖, 道道支笏湖公園線",周辺参考候補,支笏湖周辺キーワード一致: 支笏湖,2022.06 目撃,未確認,
2022,4,5月4日(水曜日) 午後2時00分頃,千歳市水明郷の水明郷パーキング東側付近,目撃,5月4日(水曜日) 午後2時00分頃、千歳市水明郷の水明郷パーキング東側付近でクマの目撃情報がありました。十分ご注意ください。,https://www.city.chitose.lg.jp/c50/1002703/1002708/1003659.html,chitose-city_2022_2026-06-09.html,支笏湖導線,水明郷,周辺参考候補,支笏湖導線キーワード一致: 水明郷,2022.05 目撃,未確認,
2021,52,10月14日(木曜日) 午前7時45分頃,千歳市水明郷の国道453号線の分岐点バス停から支笏湖方面に約800メートル西へ進んだ付近（苫小牧市丸山）,目撃,10月14日(木曜日) 午前7時45分頃、千歳市水明郷の国道453号線の分岐点バス停から支笏湖方面に約800メートル西へ進んだ付近（苫小牧市丸山）でクマの目撃情報がありました。十分ご注意ください。,https://www.city.chitose.lg.jp/c50/1002703/1002708/1003545.html,chitose-city_2021_2026-06-09.html,支笏湖周辺,"支笏湖, 水明郷, 国道453号線, 国道453号",周辺参考候補,支笏湖周辺キーワード一致: 支笏湖,2021.10 目撃,未確認,
2021,51,10月13日(水曜日) 午後3時50分頃,千歳市水明郷の国道453号線の滝の上バス停付近,目撃,10月13日(水曜日) 午後3時50分頃、千歳市水明郷の国道453号線の滝の上バス停付近でクマの目撃情報がありました。十分ご注意ください。,https://www.city.chitose.lg.jp/c50/1002703/1002708/1003545.html,chitose-city_2021_2026-06-09.html,支笏湖導線,"水明郷, 国道453号線, 国道453号",周辺参考候補,支笏湖導線キーワード一致: 水明郷,2021.10 目撃,未確認,
2021,49,10月6日(水曜日) 午後7時50分頃,千歳市幌美内の国道453号線の支笏湖駐車場付近,目撃,10月6日(水曜日) 午後7時50分頃、千歳市幌美内の国道453号線の支笏湖駐車場付近で親子とみられるクマの目撃情報がありました。十分ご注意ください。,https://www.city.chitose.lg.jp/c50/1002703/1002708/1003545.html,chitose-city_2021_2026-06-09.html,支笏湖周辺,"支笏湖, 幌美内, 国道453号線, 国道453号",周辺参考候補,"支笏湖周辺キーワード一致: 支笏湖, 幌美内",2021.10 目撃,未確認,
2021,47,10月3日(日曜日) 午後1時40分頃,千歳市水明郷の道道支笏湖公園線の王子製紙第一発電所付近のカーブから東へ約2.5キロメートル進んだ付近,目撃,10月3日(日曜日) 午後1時40分頃、千歳市水明郷の道道支笏湖公園線の王子製紙第一発電所付近のカーブから東へ約2.5キロメートル進んだ付近でクマの目撃情報がありました。十分ご注意ください。,https://www.city.chitose.lg.jp/c50/1002703/1002708/1003545.html,chitose-city_2021_2026-06-09.html,支笏湖周辺,"支笏湖, 水明郷, 道道支笏湖公園線",周辺参考候補,支笏湖周辺キーワード一致: 支笏湖,2021.10 目撃,未確認,
2021,46,9月28日(火曜日) 午後2時30分頃,千歳市水明郷の道道支笏湖公園線の王子製紙第一発電所付近のカーブから東へ約1.3キロメートル進んだサイクリングロード付近,目撃,9月28日(火曜日) 午後2時30分頃、千歳市水明郷の道道支笏湖公園線の王子製紙第一発電所付近のカーブから東へ約1.3キロメートル進んだサイクリングロード付近でクマの目撃情報がありました。十分ご注意ください。,https://www.city.chitose.lg.jp/c50/1002703/1002708/1003545.html,chitose-city_2021_2026-06-09.html,支笏湖周辺,"支笏湖, 水明郷, 道道支笏湖公園線",周辺参考候補,支笏湖周辺キーワード一致: 支笏湖,2021.09 目撃,未確認,
2021,44,9月15日(水曜日) 午前7時52分頃,千歳市水明郷の道道支笏湖公園線（16号線）の東烏柵舞バス停付近,目撃,9月15日(水曜日) 午前7時52分頃、千歳市水明郷の道道支笏湖公園線（16号線）の東烏柵舞バス停付近で北から南へ横断するクマの目撃情報がありました。十分ご注意ください。,https://www.city.chitose.lg.jp/c50/1002703/1002708/1003545.html,chitose-city_2021_2026-06-09.html,支笏湖周辺,"支笏湖, 水明郷, 道道支笏湖公園線",周辺参考候補,支笏湖周辺キーワード一致: 支笏湖,2021.09 目撃,未確認,
2021,43,9月14日(火曜日) 午後3時30分頃,千歳市藤の沢の道道支笏湖公園線（16号線）から烏柵舞林道を約4キロメートル進んだ付近,目撃,9月14日(火曜日) 午後3時30分頃、千歳市藤の沢の道道支笏湖公園線（16号線）から烏柵舞林道を約4キロメートル進んだ付近でクマの目撃情報がありました。十分ご注意ください。,https://www.city.chitose.lg.jp/c50/1002703/1002708/1003545.html,chitose-city_2021_2026-06-09.html,支笏湖周辺,"支笏湖, 道道支笏湖公園線",周辺参考候補,支笏湖周辺キーワード一致: 支笏湖,2021.09 目撃,未確認,
2021,42,9月6日(月曜日) 午後9時10分頃,千歳市美笛の国道276号線の千歳橋から千歳方面へ約100メートルの付近,目撃,9月6日(月曜日) 午後9時10分頃、千歳市美笛の国道276号線の千歳橋から千歳方面へ約100メートルの付近で北から南へ横断するクマの目撃情報がありました。十分ご注意ください。,https://www.city.chitose.lg.jp/c50/1002703/1002708/1003545.html,chitose-city_2021_2026-06-09.html,美笛近接,"美笛, 国道276号線, 国道276号, 千歳橋",公開候補,美笛関連キーワード一致: 美笛,2021.09 目撃,未確認,
2021,38,8月27日(金曜日) 午後1時57分頃,千歳市西森の道道支笏湖公園線（16号線）の丸山縦断林道入口,目撃,8月27日(金曜日) 午後1時57分頃、千歳市西森の道道支笏湖公園線（16号線）の丸山縦断林道入口でクマの目撃情報がありました。十分ご注意ください。,https://www.city.chitose.lg.jp/c50/1002703/1002708/1003545.html,chitose-city_2021_2026-06-09.html,支笏湖周辺,"支笏湖, 西森, 道道支笏湖公園線",周辺参考候補,支笏湖周辺キーワード一致: 支笏湖,2021.08 目撃,未確認,
2021,37,8月27日(金曜日) 午後1時05分頃,千歳市西森の道道支笏湖公園線（16号線）の王子製紙第三発電所入口付近の道路脇,目撃,8月27日(金曜日) 午後1時05分頃、千歳市西森の道道支笏湖公園線（16号線）の王子製紙第三発電所入口付近の道路脇にいるクマの目撃情報がありました。十分ご注意ください。,https://www.city.chitose.lg.jp/c50/1002703/1002708/1003545.html,chitose-city_2021_2026-06-09.html,支笏湖周辺,"支笏湖, 西森, 道道支笏湖公園線",周辺参考候補,支笏湖周辺キーワード一致: 支笏湖,2021.08 目撃,未確認,
2021,36,8月26日(木曜日) 午後3時15分頃,千歳市水明郷の道道支笏湖公園線（16号線）の王子製紙第三発電所入口から東へ約300メートル進んだサイクリングロード上,目撃,8月26日(木曜日) 午後3時15分頃、千歳市水明郷の道道支笏湖公園線（16号線）の王子製紙第三発電所入口から東へ約300メートル進んだサイクリングロード上でクマの目撃情報がありました。十分ご注意ください。,https://www.city.chitose.lg.jp/c50/1002703/1002708/1003545.html,chitose-city_2021_2026-06-09.html,支笏湖周辺,"支笏湖, 水明郷, 道道支笏湖公園線",周辺参考候補,支笏湖周辺キーワード一致: 支笏湖,2021.08 目撃,未確認,
2021,35,8月21日(土曜日) 午後4時00分頃,千歳市水明郷の道道支笏湖公園線（16号線）の王子製紙第三発電所入口から東へ約200メートル進んだサイクリングロード上,目撃,8月21日(土曜日) 午後4時00分頃、千歳市水明郷の道道支笏湖公園線（16号線）の王子製紙第三発電所入口から東へ約200メートル進んだサイクリングロード上でクマの目撃情報がありました。十分ご注意ください。,https://www.city.chitose.lg.jp/c50/1002703/1002708/1003545.html,chitose-city_2021_2026-06-09.html,支笏湖周辺,"支笏湖, 水明郷, 道道支笏湖公園線",周辺参考候補,支笏湖周辺キーワード一致: 支笏湖,2021.08 目撃,未確認,
2021,34,8月21日(土曜日) 午前11時45分頃,千歳市水明郷の道道支笏湖公園線（16号線）の烏柵舞林道入口付近,目撃,8月21日(土曜日) 午前11時45分頃、千歳市水明郷の道道支笏湖公園線（16号線）の烏柵舞林道入口付近で水明郷から泉沢方向に道路を横断するクマの目撃情報がありました。十分ご注意ください。,https://www.city.chitose.lg.jp/c50/1002703/1002708/1003545.html,chitose-city_2021_2026-06-09.html,支笏湖周辺,"支笏湖, 水明郷, 道道支笏湖公園線",周辺参考候補,支笏湖周辺キーワード一致: 支笏湖,2021.08 目撃,未確認,
2021,33,8月20日(金曜日) 午後2時05分頃,千歳市水明郷の道道支笏湖公園線の王子製紙第一発電所付近のカーブから東へ約1.3キロメートル進んだサイクリングロード付近,目撃,8月20日(金曜日) 午後2時05分頃、千歳市水明郷の道道支笏湖公園線の王子製紙第一発電所付近のカーブから東へ約1.3キロメートル進んだサイクリングロード付近でクマの目撃情報がありました。十分ご注意ください。,https://www.city.chitose.lg.jp/c50/1002703/1002708/1003545.html,chitose-city_2021_2026-06-09.html,支笏湖周辺,"支笏湖, 水明郷, 道道支笏湖公園線",周辺参考候補,支笏湖周辺キーワード一致: 支笏湖,2021.08 目撃,未確認,
2021,30,8月13日(金曜日) 午後4時00分頃,千歳市水明郷の道道支笏湖公園線（16号線）の孵化場入口バス停付近,目撃,8月13日(金曜日) 午後4時00分頃、千歳市水明郷の道道支笏湖公園線（16号線）の孵化場入口バス停付近で泉沢から水明郷方向に道路を横断するクマの目撃情報がありました。十分ご注意ください。,https://www.city.chitose.lg.jp/c50/1002703/1002708/1003545.html,chitose-city_2021_2026-06-09.html,支笏湖周辺,"支笏湖, 水明郷, 道道支笏湖公園線",周辺参考候補,支笏湖周辺キーワード一致: 支笏湖,2021.08 目撃,未確認,
2021,27,8月6日(金曜日) 午後2時50分頃,道道支笏湖公園線の王子製紙第一発電所付近のカーブから東へ約2.5キロメートル進んだサイクリングロード上,目撃,8月6日(金曜日) 午後2時50分頃、道道支笏湖公園線の王子製紙第一発電所付近のカーブから東へ約2.5キロメートル進んだサイクリングロード上でクマの目撃情報がありました。十分ご注意ください。,https://www.city.chitose.lg.jp/c50/1002703/1002708/1003545.html,chitose-city_2021_2026-06-09.html,支笏湖周辺,"支笏湖, 道道支笏湖公園線",周辺参考候補,支笏湖周辺キーワード一致: 支笏湖,2021.08 目撃,未確認,
2021,23,7月27日(火曜日) 午前11時45分頃,千歳市水明郷の道道支笏湖公園線の分岐点バス停から千歳方面に約800メートル進んだ付近,目撃,7月27日(火曜日) 午前11時45分頃、千歳市水明郷の道道支笏湖公園線の分岐点バス停から千歳方面に約800メートル進んだ付近で西から東へ横断するクマの目撃情報がありました。十分ご注意ください。,https://www.city.chitose.lg.jp/c50/1002703/1002708/1003545.html,chitose-city_2021_2026-06-09.html,支笏湖周辺,"支笏湖, 水明郷, 道道支笏湖公園線",周辺参考候補,支笏湖周辺キーワード一致: 支笏湖,2021.07 目撃,未確認,
2021,22,7月25日(日曜日) 午後12時15分頃,千歳市水明郷の王子製紙第一発電所付近,目撃,7月25日(日曜日) 午後12時15分頃、千歳市水明郷の王子製紙第一発電所付近でクマの目撃情報がありました。十分ご注意ください。,https://www.city.chitose.lg.jp/c50/1002703/1002708/1003545.html,chitose-city_2021_2026-06-09.html,支笏湖導線,水明郷,周辺参考候補,支笏湖導線キーワード一致: 水明郷,2021.07 目撃,未確認,
2021,21,7月25日(日曜日) 午前8時35分頃,千歳市西森の道道支笏湖公園線、王子製紙第一発電所付近のカーブ,目撃,7月25日(日曜日) 午前8時35分頃、千歳市西森の道道支笏湖公園線、王子製紙第一発電所付近のカーブでクマの目撃情報がありました。十分ご注意ください。,https://www.city.chitose.lg.jp/c50/1002703/1002708/1003545.html,chitose-city_2021_2026-06-09.html,支笏湖周辺,"支笏湖, 西森, 道道支笏湖公園線",周辺参考候補,支笏湖周辺キーワード一致: 支笏湖,2021.07 目撃,未確認,
2021,13,7月3日(土曜日) 午後3時40分頃,道道支笏湖公園線の王子製紙第一発電所付近のカーブから東へ約1キロメートルほど進んだサイクリングロード上,目撃,7月3日(土曜日) 午後3時40分頃、道道支笏湖公園線の王子製紙第一発電所付近のカーブから東へ約1キロメートルほど進んだサイクリングロード上でクマの目撃情報がありました。十分ご注意ください。,https://www.city.chitose.lg.jp/c50/1002703/1002708/1003545.html,chitose-city_2021_2026-06-09.html,支笏湖周辺,"支笏湖, 道道支笏湖公園線",周辺参考候補,支笏湖周辺キーワード一致: 支笏湖,2021.07 目撃,未確認,
2021,12,6月30日(水曜日) 午後1時00分頃,千歳市支寒内の風不死岳登山道（北尾根コース）5合目付近,目撃,6月30日(水曜日) 午後1時00分頃、千歳市支寒内の風不死岳登山道（北尾根コース）5合目付近でクマの目撃情報がありました。十分ご注意ください。,https://www.city.chitose.lg.jp/c50/1002703/1002708/1003545.html,chitose-city_2021_2026-06-09.html,支笏湖周辺,"支寒内, 風不死岳",周辺参考候補,"支笏湖周辺キーワード一致: 支寒内, 風不死岳",2021.06 目撃,未確認,
2021,9,6月22日(火曜日) 午後10時20分頃,千歳市水明郷の道道支笏湖公園線（16号線）の孵化場入口バス停付近で、路上,目撃,6月22日(火曜日) 午後10時20分頃、千歳市水明郷の道道支笏湖公園線（16号線）の孵化場入口バス停付近で、路上にいるクマの目撃情報がありました。十分ご注意ください。,https://www.city.chitose.lg.jp/c50/1002703/1002708/1003545.html,chitose-city_2021_2026-06-09.html,支笏湖周辺,"支笏湖, 水明郷, 道道支笏湖公園線",周辺参考候補,支笏湖周辺キーワード一致: 支笏湖,2021.06 目撃,未確認,
2021,7,6月22日(火曜日) 午前7時25分頃,千歳市水明郷の道道支笏湖公園線（16号線）の孵化場入口バス停付近,目撃,6月22日(火曜日) 午前7時25分頃、千歳市水明郷の道道支笏湖公園線（16号線）の孵化場入口バス停付近で水明郷から泉沢方向に道路を横断するクマの目撃情報がありました。十分ご注意ください。,https://www.city.chitose.lg.jp/c50/1002703/1002708/1003545.html,chitose-city_2021_2026-06-09.html,支笏湖周辺,"支笏湖, 水明郷, 道道支笏湖公園線",周辺参考候補,支笏湖周辺キーワード一致: 支笏湖,2021.06 目撃,未確認,
